sign,address,amount
1,0x0832c3b801319b62ab1d3535615d1fe9afc3397a,292600000000000000000000
1,0x00ae92580ffe442350bfefc4c9e4fd5b137a0fc9,4000000000000000000000
1,0xfae6019113d78803cc9192ffdd0c8612b4983ee9,70000000000000000000000
1,0x0014700bb89f009dc0d0ed82be9ba70f89b91c8d,29990000000000000000000
1,0x8fcb3279d95987347d1fb8751ec0901a27a671d2,5000000000000000000000
1,0xd3acf0a09553a883892a23c672f8bc21dded2d0c,9600000000000000000000
1,0x06668d8be4ae761676342f75226ee779eee11b58,1000000000000000000000
1,0xa58b6a89af8cd879cb74364d80beae8eef54e1ae,60000000000000000000000
1,0x25ca94ec4af8f7b12ddad8da010b6dae8a597019,443000000000000000000
1,0x8f4c2615c6fc88074270d56a1231a4305e8bd85b,2000000000000000000000
1,0x00a43fb9553007f0760e6e563c0eec78810d33a0,48000000000000000000000
1,0x81bfbbd7f0193a116444357204863d538e85969b,244000000000000000000000
1,0xe90847ac4522bab98d45ab2f976d2c199aaedc96,10000000000000000000000
1,0xb7f1498898d70685851b5331f64bf26215f00415,505000000000000000000000
1,0xbfa362cf5ba6265f71b426a6704f30ce52387d8b,950000000000000000000
1,0x34f3ea8bb865c4d7a63f2ae374b41182bdd30fd8,1500000000000000000000
1,0xff5427bf5f4bfe067e43f96bffef394729b3493a,5000000000000000000000
1,0x97cc1202cd3ff5c13fd7d93a4c97829f898f2051,58789000000000000000000
1,0xa6bb8361eda6e56073e7493d4cc4e3d593fb1f89,500000000000000000000
1,0x007402a701204d8fc43c46a0626a8b17f6cfb89a,176000000000000000000000
1,0x7636d77b891dd86847885cc2b8a32cc2bf01ac76,2000000000000000000000
1,0x0f216140593c93d936f27c998102f8220b88459c,500000000000000000000
1,0xc2849551e288c1a5ccd812543cbb042efc38f5d5,5000000000000000000000
1,0x3b5718efb7ff9b0f8048587616d9c759680c7df4,200000000000000000000000
1,0x4bcb4d7ebe070c9a7565c71d91d93cd9e2636b50,25000000000000000000000
1,0x77f6d9261dd8e45c0e8555aa86ab1648da9b95c3,15000000000000000000000
1,0xeefcd01087281d035ece6a3bc369eb3afafc4cec,10000000000000000000000
1,0xb71d05cf5cdf7a9b15b20b9aab5e91332c271c96,2000000000000000000000
1,0xc01b854525a8b76ba220126c1e4bc924e7b3e734,151300000000000000000000
1,0x6de378f870723e6932c45495e1bdf4ed0bd6c37a,5271999770000000000000
1,0x00179ce35786382db1b35821e4a844b12448b814,909000000000000000000000
1,0x2703373402edaa685a2a1492c794657c449b011e,3000000000000000000000
1,0x33de66d2bdf094a9b75d09c36883694fe44bc383,6000000000000000000000
1,0x1a1fcbff469f1bbfa05850d3ff1920f298131895,12000000000000000000000
1,0xb412b96dbe138da98be8e475f632e1a8f0037748,500000000000000000000
1,0x6ffd41102db3e459f5af8b3c721fd525f7ac5bf0,10040000000000000000000
1,0xd6c1590b5be28453ae7f04247600f2ae697bc58a,10000000000000000000000
1,0x75ad33e4d5f0967d4df9f4709287e057a4a2901d,1637976690000000000000
1,0xd7c76bc2a222712bd408a1b4845e94cb5ffb8d47,500000000000000000000
1,0x0aed5225d19ccebc4b8bbaa8d7366bc6c67218f6,7997251562000000000000
1,0x4ca92e4354c127d16b6f34f5d27a9b0ca0043882,150100000000000000000000
1,0x8a9bcdc68d19e111663d6c986caf1da1eda1c304,2000000000000000000000
1,0x9817cf9b300b69bb5d1d51046da5d828a5ddd770,5000000000000000000000
1,0x8eb4eeb55c603cbdedc2a95fc8ec49b511f52667,48000000000000000000000
1,0xc293e2ae9630fe4347bcebcd4350a3b2564ccb10,18000000000000000000000
1,0xb9fac6494b5a2fd5141f5b09ad0e61444c8d9d47,4000000000000000000000
1,0x427e7bb79f00174fe7f3fd3f15298041a824d7c3,10000000000000000000000
1,0xcd3cc2d21dd7b9d47cb9093581b75d124f6f3bb1,11000000000000000000000
1,0x008ffdea584d1c91e2e3547bd2dcc523bdcb0f96,12000000000000000000000
1,0x6f4adffae2f44ce3a80ca4693be93dc54a93be7e,3000000000000000000000
1,0x6ec294e89262e36c6462a4192b9ccd73162cd85b,7000000000000000000000
1,0x36c115c4dee9cd8b7d713bf4686db1f9772e8249,2500000000000000000000
1,0x5e866cc10dca8821fe43ac774284668343f1ed29,250000000000000000000000
1,0x1894a5bc142ef208b6bc5023b5403e26007a3f5f,60000000000000000000000
1,0x2565f8e0b33f2d3bb1c0e2dd5fbb972df48654c8,360000000000000000000000
1,0xf1ad946ae30a285d96ea396acd3fd22c5aa75ef8,9000000000000000000000
1,0x6bf0627e48ac7a814d425fa2454e2a7da11737f5,80500000000000000000000
1,0x129631915a3ca10b9a159a7dc95bde0ba71682d3,18000000000000000000000
1,0x9264acf177749cf61f790bbfe0933f4ebcfdd3c7,9980000000000000000000
1,0xc44cfce1d4312bf8746f7c03a6be5564ad221a7f,12000000000000000000000
1,0xc2bc281e5d16b54a10fcc6e3f3baea8b6ec0d9b4,10000000000000000000000
1,0xe6f87404f4c1dca9e52e4c8d011451dc8576faae,5000000000000000000000
1,0x00420fb5d1dbf618f2b1056d4575f3988d605d0c,36000000000000000000000
1,0x9a3949fe872a5d137f86e25552183b9c67c30423,10000000000000000000000
1,0x930c4667464fc346b4065b3ffde8d4a8533c0ed3,80000000000000000000000
1,0x11669cce6af3ce1ef3777721fcc0eef0ee57eaba,7694938401920000000000
1,0xe154be458ab7baca2c50d7c4ea124f19fb0e2e36,4000000000000000000000
1,0x347ae86b2448d5adf6cf8e2b8536ada71c5af22c,7500000000000000000000
1,0xdb671ebbaa43306775f52f8b5620a37d1926ac0b,12000000000000000000000
1,0xd3388e1ed707443442afa9bb133d9dffacd9b467,600000000000000000000000
1,0x5f3f428c4fb6151e8c26be254b5c50d0be072c69,36000000000000000000000
1,0x687ec53bf2d720d4033d146c3f023a4958210aea,4000000000000000000000
1,0x8052f614d75963cc7b68002e2cba51dd500b969b,2000000000000000000000
1,0xf4c8b4573c31b5a70b92603f05e3bc0bfe92901a,700000000000000000000
1,0x007eec114cb1f1c19bb431c4143310e4c42e6c57,10000000000000000000000
1,0xce4c9c5271d33b9d94191c69120f76dd7901ed81,60000000000000000000000
1,0x742a320ef7f054caf37b05dd785cc56bb46865b9,72000000000000000000000
1,0x7976b95f1c30725f25a2ee922c68a86a90ff624c,22500000000000000000000
1,0x8bc29bc0941680d4deb525a6abf1e9269fbc98ca,10000000000000000000000
1,0xe87d71430ff3da7a7f22963d22d00cc8d84c5522,60000000000000000000000
1,0xa09f202a014c80b7b718bfbcf5149223b004d44c,500000000000000000000
1,0x97fac89b19e1a25b7b77cbebbd0708740d66adab,10000000000000000000000
1,0x138dd537d56f2f2761a6fc0a2a0ace67d55480fe,12000000000000000000000
1,0x225fecc8cf8a127e54b36ba01c7a9135da6da46e,1000000000000000000000
1,0xba231c0c546d6c227608cea6e62f62bcc4047ebe,10000000000000000000000
1,0x8f98ac169d5f3f9e32b94db4a7e8f0a23db54f8d,9000000000000000000000
1,0xc62909860252ae0e52fc075cf3a008cd2fe55fb9,1010000000000000000000
1,0x8b3b91ed54154529f4f22f9fcb3aea08258b9776,8000000000000000000000
1,0x12f26406f3fa91faade2afcb373ef583daffd78b,500000000000000000000
1,0xefadef57a9620c525dbd9b12fa286b205fece1dc,120000000000000000000000
1,0xa79620db12c2e79487f116745238dedb1143cd9c,21000000000000000000000
1,0x639d6ec2cef4d6f7130b40132b3b6f5b667e5105,219914145568040000000000
1,0x784c56ce418afee72b5697205bfd8f085afb0fe0,50000000000000000000000
1,0xbdbaf6434d40d6355b1e80e40cc4ab9c68d96116,154000000000000000000000
1,0x88bf3c33fad35993f45e9000454256d4f9b73d6f,41500000000000000000000
1,0x7e5684f9a6f43932992d720d52b378fadb376732,3000000000000000000000
1,0x3203732069469d91d394e3baf11488f649f3faa3,91500000000000000000000
1,0x00e32d61132320af76550f29701f45a20422f67c,36000000000000000000000
1,0x735e313af49c0096663f006b1dfb71ee1dcb605b,23900000000000000000000
1,0x2a2eabf7b621ab3f244a99378bdb45c5873e504a,3000000000000000000000
1,0x37493504ee4091edaee99ba5d7628c97a9bd5896,6000000000000000000000
1,0xd38ab3cf9b942792f5cef7def32b5f6d58ac52bf,1197251575000000000000
1,0x9c5df720a4454ec6754b17ba63d79b62e4493b31,480000000000000000000000
1,0x26760096dd9398a235f22909b8d7b2cb244caee8,10000000000000000000000
1,0xa271151e64cac72a290fd29dec25f25f37dfb6c3,2000000000000000000000
1,0x10094b91c2776139bf2adaddd10e5e5b71403dd8,1000000000000000000000
1,0xc30bc2ab2ac917c7ca3813f069f93be5dcd6f166,30000000000000000000000
1,0xd73562ec12502ef5c2bf7b2fee5f0150ee5b0b0b,10800000000000000000000
1,0x84f0c25b509cc22e8223249952ca720fa16a9d4f,2000000000000000000000
1,0x650840f98ce7dabd5ed7bd314dea0db5f03b5c2e,481200000000000000000000
1,0xaa648e8044e2573b0f8356d44443ec1210d4eb21,39300000000000000000000
1,0x47696054e71e4c3f899119601a255a7065c3087b,577500000000000000000000
1,0xd2859946cc58ce3a4a46f1784d23f3639f6510e8,3000000000000000000000
1,0x86d266f736d5a240038d1948db1f3aba7e7e5736,67000000000000000000000
1,0x43b2126e7a22e0c288dfb469e3de4d2c097f3ca0,15100000000000000000000
1,0x12607405f558c5911c33f62490ce0c1d3ba19e95,4000000000000000000000
1,0xd5c047a9a815f8489e7935b278d6738080df8124,9000000000000000000000
1,0x9ebab12563968d8255f546831ec4833449234ffa,30000000000000000000000
1,0xf900cb3bcef2e13d0ee1fe5bfbd3450fbacabfc4,10000000000000000000000
1,0xe2f7be981406d5ecfe37bc53688b7c8157b45310,995800021000000000000
1,0xcd8862d38e1463cca235b29368917257a45bce39,59990000000000000000000
1,0x5acbdfa57e751f796677ba05ca4c5e53e2d74bf5,10000000000000000000000
1,0xe9eadd65d06c06e9db4d3bf21d82f9baf3fa63b1,89500000000000000000000
1,0x4a2dccbc65ba28796af0a15dd11424c14153d2d1,500000000000000000000
1,0x68cbc764f5ccb469c3d7bcae92811562a404e207,5000000000000000000000
1,0x2781012303332435f8301a6038713c77fd7994f4,10000000000000000000000
1,0x0056cb8784a6fb9b22b7030875d326fd98d1e9b5,8000000000000000000000
1,0xfb5b840a85d41bf28081a31b186fce24eff5ab5f,1000000000000000000000
1,0x7ad41e9d6e1fa47f1f6bcc63bd0327009590a47b,128000000000000000000000
1,0xce1c63f5b21f4e3f9d00b36d6673cf708dac08e5,12000000000000000000000
1,0xea3c5e2af2c02dee176deb75a6acfe596bfb4f82,12000000000000000000000
1,0x9117388182feef5ca847a7658164a0a1add1bb30,2000000000000000000000
1,0xd280abd262465f76c2e33f6f28726ae3f495f035,3996026748000000000000
1,0x2dc651f488c597f7ab241a04d2695616ef7e2d9d,118500000000000000000000
1,0xad7f84324d7e4e042ac6bce6f29c2f9b4f536cc6,180000000000000000000000
1,0x9624198d1316505f324a6f147b0cc7a0def44e78,12000000000000000000000
1,0x18bfbc081001d58c26e52f9b2d0299c0c887c9c7,10000000000000000000000
1,0x49ea47540da86fe174f30713fb6c38327202d590,120000000000000000000000
1,0x64bcfa3e53fcad84ed235862306a720647dd3a15,2000000000000000000000
1,0xfe491d9613f20b8a7f682bbb2994b9bd7e762c21,2000000000000000000000
1,0x2a9c8f8f71622427a5ec781cf4922e95343ef98d,480000000000000000000000
1,0xdfff88ecc6fbe227c31967359352e4f7b1937666,10000000000000000000000
1,0x31e018c2b0e23193eda9d7c0e3bd0604b49f794e,980000000000000000000
1,0xfa5b411ea85efb70db7ecb33615b389927f148c1,69180000000000000000000
1,0x92af67cc6a14e17a73688c5c60dde3d9321d0a2a,360000000000000000000000
1,0xdbe466e1e0b4ee491a88e650aa6b9addc38ff6f8,30000000000000000000000
1,0x1a5755d49fbfb675599863a491af333c04f9f4ba,1500000000000000000000
1,0x22c1aa4e6a8e4ca606d05abcc579d2121394ae24,7400000000000000000000
1,0x91d43e0aa8d5d6361ef2ba8839b848163b32a3a5,10000000000000000000000
1,0x18e9fd4e464b29b6187c9567c0c9e50510359329,1750000000000000000000
1,0x019f484f4320c8fb11d0238b2b03c16fec905527,59500000000000000000000
1,0x929a4781a8324a274d663001df95bafa2abaac6c,60000000000000000000000
1,0xc18a98ddf6188da4a260afd15f805f4f465aeed8,48000000000000000000000
1,0x69cf02eafc49b895e1e0aae07f8b27eb6c1adf09,6000000000000000000000
1,0xcb64587f55ae132d4a9f354ea171dd6d5d84aef4,3000000000000000000000
1,0xf549bd764857fbc32993c9a2e6b86709c0edbc08,500000000000000000000
1,0x00afe1f685add0495bf32ac61e500852674bfc43,300000000000000000000000
1,0xc42c81953bfd46be34d403ee5f4933981d4fd886,20000000000000000000000
1,0x021e7b432152f4e549a66a0af43fa1fc51f65844,996300690000000000000
1,0xb09429f8ae6e43b5f9f5a8b9ed38651a375b2d2f,750000000000000000000
1,0xc6a73e3e867bc7f6d4b4a0b2485070403d02d855,10000000000000000000000
1,0xc60debaa978d0c215c37859f8b59b07910afe807,1000000000000000000000
1,0xb122a735828a47a2181f1f7ed6adc357bb3ff53b,3100000000000000000000
1,0x93a261e2415a0185ce72c82b892de91814fc891f,1195033940000000000000
1,0xe98421fecaac9250f5945ef156c45bf8a8c36406,18000000000000000000000
1,0x2c0a252014b70021e8daba31a1a7b993d3c1caec,24000000000000000000000
1,0xbffb814b73801ff822427a3d8b902dbc8ffb5f93,12000000000000000000000
1,0x20d0a66c86b8ad70ba1ba7dd075b9c37bfd23380,20394750000000000000000
1,0x96f00343cc980f5c4b200d6291b09a9c3592012f,1000000000000000000000
1,0xf610752dd164f8e9b5ab6edf48aeb84224c0e4a9,24000000000000000000000
1,0xa9d8f1200e17fbf94b52720684051ae77735a777,16200000000000000000000
1,0x160061f6d06b3a122d336df019e9a5763f7b821c,500000000000000000000
1,0xac15eb3bd60fde4085008d822174176352ad4364,10000000000000000000000
1,0x00a1d74e6f4550c412c66ac6c388b90d2d981fca,18000000000000000000000
1,0xd622e6f0dfcb23c7bff90b669e1319335d787773,10000000000000000000000
1,0xf8ce18f4aef4e5a451930a0ac8844f1263d950a7,159000000000000000000000
1,0xa0d8f33ef9b44daae522531dd5e7252962b09207,14999985952811859467277000
1,0x669f01ee666c606b4b0da109179668c80e86ad44,30000000000000000000000
1,0x23395dc67b2839b3872e68d070bf65fb72ad6a29,100000000000000000000000
1,0x036ac11c161c09d94ca39f7b24c1bc82046c332b,319777813024000000000000
1,0xcfc643693aca9df6abfaaf62fe384c3c8a470ee4,1290000000000000000000
1,0x1b22a64ea64c2f4cf1d6ae25c855db5fe1ca0e20,40000000000000000000000
1,0x7a855e3e13585368576a5a583c50451339acc561,2000000000000000000000
1,0xabbc654a8d610507ce88785c6bd22bc6f74a000d,1200000000000000000000
1,0xe78f55ee59500b7620b95975392de511e05e534b,10000000000000000000000
1,0x1c5e376fe174a8943f728a2c2175c6c15f4330c4,133000000000000000000000
1,0x8fda6640f52631253521d4605969cb92ca7be94b,2000000000000000000000
1,0x06fec9e9ffdc3033ea99af026aeda52d864f654f,12000000000000000000000
1,0x18c85a8a293cea93f383f27379dc3628a09e5164,10000000000000000000000
1,0x6a818a23aaf52d0872f8836240366cf19cdcbceb,60000000000000000000000
1,0x331e80e08efd2cdd9ae6b74843456098f869ba2d,36000000000000000000000
1,0xf2230e61e90f23d6d43bb1008567fbc3ccf0ad45,13000000000000000000000
1,0x4ac6ebd8df05b2eeda4e4c44ae695dfa37ce330a,3500000000000000000000
1,0xe74f2062612e3cae8a93e24b2f0d3a2133373884,134719200000000000000000
1,0xbc75d134d4ed07961c97b8864474436798bb97f8,22000000000000000000000
1,0xc77c5516f4a0ef156799b323d2a71a176331cad1,12000000000000000000000
1,0x5f6ed641133ebebd239244bddcfd60c61f6c5285,15000000000000000000000
1,0x7255d77d92c7311bdedd38b54bb50c1c1ee6af2f,3230000000000000000000
1,0x7aeae7daf82810750634239f84c93fb59d2ae58a,18000000000000000000000
1,0xc754458b6dff620ef0b597f18283a78b06d117ed,5500000000000000000000
1,0x87cddd3e4138150454ecb9dd6c2f0cfdb5291691,3630000000000000000000
1,0x5ebe4c2f14cd027bb2bfce0116cdc4ceb1b68d95,4000000000000000000000
1,0xaa26266c24805082ebf4309d2ceeb76101a4abcf,24000000000000000000000
1,0x0e3a6880ce160f1edc3bb91e60598de92994d876,32000000000000000000000
1,0xe4d3df079fbef6529c893ee4e9298711d480ff35,246000000000000000000000
1,0x2451f2c50cc989e3cd266618eed9ee20d4339298,12000000000000000000000
1,0x6db08706cbf6f682fa84d81f85cfec3ff8ce7306,800000000000000000000
1,0x81c8c6088226c02537cc02f3315963ac1a5609ed,56505000000000000000000
1,0x5fce06187fd3dab0737469e21078a9f72b633834,60000000000000000000000
1,0x4c9c6fc54e0580a3862b6d21c5316d8f8f8e9913,6000000000000000000000
1,0x538d278e05a35c96bcdca1039e92c65b994256a0,192000000000000000000000
1,0xb87d9edb23e88bc7c1e6f2cd3aa65fae6397670f,7000000000000000000000
1,0x056f072bd2240315b708dbcbdde80d400f0394a1,770000000000000000000000
1,0xee2e0e56e11fae260f3de0d6767fc1e970fc69d3,1410000000000000000000
1,0x2003ca1797db527aeb021789633bc79f80f65810,210000000000000000000000
1,0x73fab916da49f62b9fc87f542d5b2d59bd8c3494,20000000000000000000000
1,0xaacc5d601e74eb7d7a55d0f27bde1719c28dd653,10000000000000000000000
1,0xaefc64db5ff502e2f0bad4fbc5fdec05cf02270b,50000000000000000000000
1,0xcc42571e41b939a8e46d5c2d5adf6d93bfaeb937,60000000000000000000000
1,0xe66ef6fe93c04f60178b11744246fd2f497f583a,1500000000000000000000
1,0xd78ac6ffc90e084f5fd563563cc9fd33ee303f18,28235810803200000000000
1,0x5dcb3152072d13dbaabd68ed85d6192ca543b04e,5000000000000000000000
1,0xf55dfd2b02cf3282680c94bd01e9da044044e6a2,0
1,0xd949ea0610d4517dc2a79cce5ad866f7d17cccd8,2000000000000000000000
1,0x20ec8fe549cd5978bccc184efaee20027ed0c154,4000000000000000000000
1,0x760e4660bbbb05ba1eb37a4d689d8bd4926afa41,11990000000000000000000
1,0x00e3f02d441b2ad4315874571de3c39bc29918ae,12550000000000000000000
1,0x6e113eacd58109522af7e81e5113a4bf2fbd951a,10000000000000000000000
1,0xd3d6ae5fb0ea32be2c940166318e498afdda949e,19200000000000000000000
1,0xf72ff03749e373840f23676eccdb0d6ad4ad3b5a,12000000000000000000000
1,0x990d53372e214f8356910f5cde50e53b49414091,6400000000000000000000
1,0x375f95fb45811ace248adc5baee5228d91ffca50,18000000000000000000000
1,0x6233ff22e5f37ae982111a6776ea0891b9412c3e,24000000000000000000000
1,0xe67df4c1b0eac6ea8c28467941a30a25ef82a87f,40000000000000000000000
1,0x63a5733f625f3d5afccc8ae0a6c1dbf6c194011a,6000000000000000000000
1,0xff651ead42b8eea0b9cb88edc92704ef6af372ce,120000000000000000000000
1,0x2348066317ed2c2632ea0cd540318321dd8529a1,1650000000000000000000000
1,0xab5d55bf0bdbf59c74146315a0ba2cc02ec4e969,2940000000000000000000
1,0xad8ab505b8e543e810d1945681e69524b3bf1f77,72000000000000000000000
1,0x00694c41975e95e435461192abb86c56a3c2e66f,22000000000000000000000
1,0x512676bb4c8dc2743bbcecd9fd637d5458d28fd1,84000000000000000000000
1,0xff48f16d7de2e7709a347752ee38cb55e7e4ade8,24000000000000000000000
1,0x55324641332f9eaa167a1f4b4e57b81a71476990,1000000000000000000000
1,0xe6714ab523acecf9b85d880492a2acdbe4184892,124800000000000000000000
1,0x481da0f1e89c206712bcea4f7d6e60d7b42f6c6c,154000000000000000000000
1,0xb5cbb1b8a20a086857a95b7f157d3349a1304909,24000000000000000000000
1,0x00ba3dff8f7dbbf1d0888f9c117c04891619c073,30000000000000000000000
1,0x417beec8a935207cb7a87fe929266b16aab951a7,100000000000000000000000
1,0x05205c67a5e0ca6e9929724bfbf2b1d83abea90c,1842382440000000000000
1,0x2711cc8d6fc8a12b4203a5e9dcb778f2d673e2b0,12000000000000000000000
1,0x20814529347e97b1b87a93e794c23487fdfe2caa,2500000000000000000000
1,0x109cbdc2c04f72a88b34664ac6a99c31955bc6f0,10000000000000000000000
1,0x416eda5d6ed29cac3e6d97c102d61bc578c5db87,1921000000000000000000000
1,0x095718762a36548710afde4e2fe81bbb9ff58483,340990000000000000000000
1,0xd75dcde9728743da121fe7b5b1ebc0503fdd5e9d,15500000000000000000000
1,0x9ce315b846c211a05f9de5578c74b875de470783,25000000000000000000000
1,0xdd0a923f34510b5a320fe21c24307010d397fff9,3000000000000000000000
1,0x2b47358ba70bd7d16cbb4eeea7882fceb637b3c0,12000000000000000000000
1,0x33d26b3b40dfd7b37c4f035164c91ffd174f14d8,3000000000000000000000
1,0x8a07ab6e3e633423e32e4c6410006e611996e770,93150000000000000000000
1,0xb7d2c65847b7e28d53a5ea41f4dd2b8053b845d4,4000000000000000000000
1,0x9053f5ea444ca17f10189a85dddd20dff6b61c8a,20000000000000000000000
1,0xa39cf4fa1881933abb8d9fde532d445173d2c531,15001000000000000000000
1,0xa92ba64f9538a66c346302ced87991c2c71c704f,10000000000000000000000
1,0x65f3de22aa43e5175ebb9e194e54444d69ea6035,18000000000000000000000
1,0xf66b2c7122060399692cf397e7f528b96b7ace1a,25100000000000000000000
1,0x2f246674717e8e777423332998da1b5f3e1b173d,600000000000000000000
1,0x3f68be5ea690643532093ba5d3b4897aadbe8c7c,12000000000000000000000
1,0x8c5645a50f39b5d1a6112000748b3581e8be7ad2,12000000000000000000000
1,0x0beaa2ddbdba8a1380dee223f489ebe86ff28376,3000000000000000000000
1,0x54e701a92841e2326ad01a73679b477f460b4bc3,10000000000000000000000
1,0x68007d79f0b374cf2dca33d9ffc35578584ce1f8,1000000000000000000000
1,0xba20cadb3066492d34d2737c7d6371f5bbab3525,18000000000000000000000
1,0x6c5e26b3f667efef6762238448caac3583ab82de,30000000000000000000000
1,0xe2ee99434068bccae254c1d23f7be95783d39004,60000000000000000000000
1,0x00fc425b4aecfebb927fea7585730c50f683c5f0,6500000000000000000000
1,0xcecb429db87d228b79c879e48ef6b38441b81883,10800000000000000000000
1,0x7b74e71a53f011c7af477f3bfab0b71250ce8d48,3000000000000000000000
1,0x4929f4d38f2955649b5aa34343da04cf790b9d92,1000000000000000000000
1,0x0a7485e7ee06a0f2a8f0a9924d801470d732bf8d,7000000000000000000000
1,0x8f734006a0a207fc007d2b3ff7d9eebb6d197b79,1000000000000000000000
1,0x0f7c1b4485574b47e7dadff2835a26aed5082af1,11000000000000000000000
1,0xa91a30500a60258dc83f08bd7e29086f19e75e10,96000000000000000000000
1,0x2f4c78acd3dd96e390fa25e5e1d9a5d4042723d4,4964078294000000000000
1,0x31d4f39a5b392387b8c74c592ae063d7849d985c,7500000000000000000000
1,0x98b1301649718781874299eb37e55a9cec11fad1,20000000000000000000000
1,0x6bb24f69dbe63628ebad80c5f6745ce18cac9637,96000000000000000000000
1,0xe3ff98f12d80aa7474997510a32c1bbf76f8b7fb,5000000000000000000000
1,0xe75a221ec2fc0ca81eda031573c2e8b72bc31f2a,14300000000000000000000
1,0xec3d855f03a07f75fb47e64889f002e0f3451c70,500000000000000000000
1,0x8e8beed03ae73bb4e38870c3647d79e74dacda79,3000000000000000000000
1,0x6fec69c7f4b88f23afab5f74ab93101422e087d6,15500000000000000000000
1,0x81e31f3985fc4bb50a1d11b99c1ce15afce07d94,72000000000000000000000
1,0x245f27796a44d7e3d30654ed62850ff09ee85656,1815400000000000000000000
1,0xa5ed3807e915973d11947e26e742b6d6b8d05506,215000000000000000000000
1,0xa81842fb650317cb7445a9700f8be73d00dc6df3,566250000000000000000000
1,0x6a22588732231de5ada905610e62c6458dc61d73,1000000000000000000000000
1,0xace9c83441712359402d0eac940343826310784f,10000000000000000000000
1,0x30e232e253948a68ff43a642660e4c9af6f1bb40,3000000000000000000000
1,0x7cf209a05d1565cc63fd2364149beb5b3db62ff8,1000000000000000000000
1,0x537bf75de19f3d229e3a9018ee1a23c0c9c7d39c,480000000000000000000000
1,0x1f6a434fa26e656e50f466155191ee267f5fb9df,13800000000000000000000
1,0x5d6585b5593cba2331cc0e1d38154f94f0911159,24000000000000000000000
1,0x3930caf81438601d48c3ddb586cb244fd8609196,30000000000000000000000
1,0x450a37c68cf2565e43d461cc596b408fa97cc4fd,6000000000000000000000
1,0x9a06fbfff4fc2a339927c1cbbde1a1fc23ce3c27,18000000000000000000000
1,0x0099e3ea4f7aa9505be2c1c94149116b9856208b,5203060295583030000000
1,0xed3b06784b969f938bbb5c6ca281cd0697382ba5,2000000000000000000000
1,0xc5b22b2bf338006332314b7ab5b455934c424baf,860000000000000000000
1,0x4f2dd660046e9deb870d43600c6676cfddcd21dd,5000000000000000000000
1,0x41e066a3dfd1e7f6256d469e2cce042655ae641a,120000000000000000000000
1,0x00d706d28248dfe91e3d6ab158c10f42219ab3f3,19000000000000000000000
1,0x2cc17a82d927a66eaf39acf5dbedce7f5d351f1f,4500000000000000000000
1,0xf23e8062331185e4283efa03f55d21130f48c5ef,4000000000000000000000
1,0x1d8ad0b07f67b701f591cd00ee70164c4daf944f,10000000000000000000000
1,0xeafc81e1b198042f0aa57ebf7adbd7c64685fb6b,180000000000000000000000
1,0x84659a06d1ddbc2a603d9afe6bb85eba7b97de3d,60000000000000000000000
1,0xe1bdff15a32e33810af8ce7a485db6584904c94c,530000000000000000000
1,0xde107b82e3e47ed281d276644b8115548c085c24,3000000000000000000000
1,0x90ef7500c348a43d71b447d56f91f2a7bee27ce8,20000000000000000000000
1,0x866b158c050587a281e82f815135f9191b92048d,1000000000000000000000
1,0x285a9ca5fe9ee854457016a7a5d3a3bb95538093,808500000000000000000000
1,0xcaabd7fe178d47d9252faac1a862e01fc19391af,4000000000000000000000
1,0x0c2b0baea49687b64ff1cdbe82642bde3b50009a,36000000000000000000000
1,0x05badd9d74dcac1bfe7d827a6ff009cef5e2f4f1,43000000000000000000000
1,0xff5f45b0d25a862d1bd9b43f5eb01e150d4126e9,20000000000000000000000
1,0x5bd9586e9073b075ea83dffc3c7c2fc0d2c2e858,45700000000000000000000
1,0x57593c260ef8c20a71aeb52fc2d62f3f485c3a32,36000000000000000000000
1,0x4236a570d66d9d8ee2505b426414f38e28d9063b,1100000000000000000000
1,0x2efd5bebd74eceed931f8c1936dd8fe10da2a287,1500000000000000000000
1,0x67d3ccbd1d81e7b1427b70d94454e0039271d237,300000000000000000000000
1,0x22cfc05d5b4bc326452b0c73f9b3c829f4d9e2ef,5700000000000000000000
1,0xb30afe7ec3aedcde2946ffd6f4d6db324002fcd5,10000000000000000000000
1,0x65af4cc9744da6613a18646cc6ff4d8c9fc699b6,2493104080000000000000
1,0x4d22ebd9c89c4d5a9e892b312c684daf4f4af34f,4000000000000000000000
1,0x00dc23579aa7d77fa319094f2ee21619ac145684,24000000000000000000000
1,0xe68eda08389e8642e7b13fc2e783f41150830a02,83000000000000000000000
1,0x1509f23126c9ce5798b8a6b104c35f81f7f0b212,3000000000000000000000
1,0x01fb009d5b0648a7e4777f28552ecbc40709b41a,1000000000000000000000
1,0x36c0b719e36197a4454baac43489a0fc620ef070,10000000000000000000000
1,0x1e81edab3ca00e9d8775ee79ce751668cd640f4e,4000000000000000000000
1,0xa669ef35fc97b2e02a63b4af3923a779352fce51,10000000000000000000000
1,0xa62afdc99b7473960a722cb880e925e71db7b9ed,17000000000000000000000
1,0x7617236ea6ebf579f36169369af41fa0d8116506,10000000000000000000000
1,0x1108e1a7db38bdeb8e9bf99c5424a672fde5c861,20000000000000000000000
1,0x65654b1007e11dcf3f523355df1b51733b2ff894,4000000000000000000000
1,0x83dc74025050649d1185c33679e09a6e4b38c9cd,30000000000000000000000
1,0x2b8b2bfa75a41dfb57d08e8e187f52c5c28b7095,4000000000000000000000
1,0x9e3e93fc983d84e6397e35bc5cd3c33783041f35,4500000000000000000000
1,0x8e763c3c5361777fc3ec5f377e9bea26cbc65366,15600000000000000000000
1,0x70be6f3b165f5a1475c3922a9b330f8714fbfb26,3100410108000000000000
1,0xdee26df7de15319697ecd1f81ac374ff0bc06e09,18000000000000000000000
1,0x6461e1f300c550b0c152d2429314289e401288e7,3000000000000000000000
1,0xf138069d10ef399a3d4fe9c7e1498e39a28b1582,2500000000000000000000
1,0x9e5751284b53732294a4baf6b0efd95396e02da6,15000000000000000000000
1,0x92988f9410b5ee0065000935946131a4ff38d2f0,3000000000000000000000
1,0x9fe1d32e40874e6ab17ce8341c72b6c0d8bf6329,23000000000000000000000
1,0x304fce8619acc52ac767a206dff63569b947fbdf,2000000000000000000000
1,0xad616ae9b76d1a6095dd3a22586f5c85092f8df2,4979559000000000000000
1,0xec30eacdb39705ec281e10891d605cb0be41e094,2000000000000000000000
1,0xce14cec3d6a45294314d2bcfd70b1e9e9a723725,1920000000000000000000000
1,0x003593f9d633e8a246d71abc608c7a187e16e934,12000000000000000000000
1,0x2a3129aa8dbf3f1fa52f0068195e6cec1bbdde57,500000000000000000000
1,0x5d0f6116fccad7c110fb6244cb27a16ce1f73fdf,10000000000000000000000
1,0xb1ddc4a6f2ed00e720f8e862a34ad9f3f83627fa,72000000000000000000000
1,0xa515610f4731e3d92aa99f2f1f9af209ac934e4a,8000000000000000000000
1,0x5bde64b9e62a41a61c2d1c3043a9f20a8905e888,83400000000000000000000
1,0x3f5f58cf4aebc0145683c4dd619b3b2fa85879e0,12000000000000000000000
1,0xad97d40aa7fa88ffbcc5d5aac792cf5e7c46c76c,1080000000000000000000
1,0xba079b44c7079615cb7e56b1e4e0fd566db419df,10000000000000000000000
1,0x0038f3843c67080c93489a5a77f0598f100bc210,90000000000000000000000
1,0x0a46ca05e4ab870306cc553f384deb1388a36403,1000000000000000000000
1,0xaa4263292e133b30f77a8ccc8063f624cc8a3c70,36000000000000000000000
1,0x91f2590733f73c38e3c38a149cdd40755713a80e,3000000000000000000000
1,0xf107be6c6833f61a24c64d63c8a7fcd784abff06,43000000000000000000000
1,0x0c22a65da50ff23a3b8e236d586fe7e3e01ddba5,500000000000000000000
1,0x139fb4bad33db4a9f2a048ab0c969c1d0560ebd9,252000000000000000000000
1,0xbda40fb36d4032f2b0541d001625e8b5ba9a83ea,53000000000000000000000
1,0xc190b4f46f8957af9c088ca9277653af911e7711,2000000000000000000000
1,0x3b912eeee3d737078e34e9d8c43696d025d5b64e,9000000000000000000000
1,0x1fd9bde7e73533e28455421df56e73de0a0975b1,70000000000000000000000
1,0x26cb641c38fb76df2817bf4b64cdbc05a50d00ce,2000000000000000000000
1,0x517835d62efe8857c619901101f63342695a248c,880000000000000000000000
1,0x9a6c4a9100b3e11991a3f20a153894bb3a421862,9760000000000000000000
1,0x1c4b36dd747f9a0db31f74d1f632b902114fc760,36000000000000000000000
1,0xfba6cb41b57abe94c1d80b7d738e9946d867f8fd,25900000000000000000000
1,0x801efaa08e37efeaad37bec444a50583362e31a3,100000000000000000000000
1,0x478220fb5ad849463c36feed2a40ec69bfed536c,1700000000000000000000
1,0xe9ebee76a902b6536c0bddf79ac4c4343e5bdbfb,6000000000000000000000
1,0x68476977382d9cb85d11775b79252ee7d2859738,13580000000000000000000
1,0xb7820c37763f70a2f610c5eaa7900a099517517d,500000000000000000000
1,0xa22438f8c8ba4f08a9a3c857b2687cc1a890ee30,6000000000000000000000
1,0x1a193c4f3726a0ca2854e1972c6d4e8ab0ff80e6,7000000000000000000000
1,0x041dedfec783d8d6d8bd4f81cb3675042151184d,100000000000000000000000
1,0x2522272d5686bb83cb3ccf069a65995493a17528,94000000000000000000000
1,0x27d19965bc0ed892a303ea2d13b35d4d0031f0c3,4000000000000000000000
1,0xc13d48a6c86a994f85038e96a7fea0aeb27d6f4d,274200000000000000000000
1,0x00e4c343ef1b10399096bdc5bfe52b6095f2b5ab,7690574298510856083000
1,0x962086e1e1058f37b3c45d88cad76afa6bc8455d,84999990000000000000000
1,0x006bbe82b523a92d806978e7369b771e26541c00,333000000000000000000
1,0x1f2764d3f1656da1435d6bee384f4c932d424e41,2282365250000000000000
1,0x0ea690d466d6bbd18f124e204ea486a4bf934cba,750000000000000000000000
1,0x1ee5513ea5c8d5a4f3b59b57202514f302e686b5,3000000000000000000000
1,0x8888889201803e468f55333b6b3992b262f61951,60000000000000000000000
1,0x92060b80c68586a04a021ae49b56502d11703938,7000000000000000000000
1,0x22f37de9f21fb88cb77e287ee3d1046b6ba6f24d,5000000000000000000000
1,0x0b769f84492fb8ac2b27e23ad2989670f5bfb4fa,4000000000000000000000
1,0xe76fe52a251c8f3a5dcd657e47a6c8d16fdf4bfa,0
1,0x3f1887c41b663a9dbd6237c7f3411001ff62f4d8,5900000000000000000000
1,0x1f19f9ffdc7f8c71c6b09d7c7349f0932229d401,6000000000000000000000
1,0x9222a040b909f9c068a088ae032f014ef85b0870,10000000000000000000000
1,0x11c919c709ca16911ffcc161064077803aa256d4,1120786972000000000000
1,0x4d2eb1b7c4b2814d04967263d7c5b21864e9fe08,77000000000000000000000
1,0x45cf1edfbfcdcac7f411190704b8db7506668bf9,709165440000000000000
1,0x947d06574059002f9fd6848a67fc55a2ae4dc347,1135157230000000000000
1,0x9868b2d7c24a0bdc3a8947e3d9831d336088c515,16000000000000000000000
1,0x58e22c06e26166ed9dc7c480b16086b09763d576,82790000000000000000000
1,0x3fe666fc563e5fa99f8e0e6988ee2070cea1fa6b,114600000000000000000000
1,0x038e45eadd3d88b87fe4dab066680522f0dfc8f9,120000000000000000000000
1,0x00225e841e3e0ce3c3c61ae935e58b0659c6fce6,48000000000000000000000
1,0x8780019fe076488395a27b799d34c8d4f6c9dee4,6000000000000000000000
1,0x8ed30ccddda87ab9bcc3211a5f32b206ac8d57b3,36000000000000000000000
1,0xb43daabb29cc80a442cdb86cc400251db6bb6280,10000000000000000000000
1,0x1ff60e72c816c30326012af3894d2d563b08959e,2000000000000000000000
1,0x15a3d17ab49c02077bbfd60026dbe63cc9640dd8,24000000000000000000000
1,0x10db0c978668616249dba305c85166b4f081319e,24000000000000000000000
1,0x0bbaa3bcd3e21118f127f2864c43dd576263243f,1000000000000000000000
1,0x323b79cf1eea11e319d7ad3614d218d0950f8624,30000000000000000000000
1,0x1b535949dd944e9990b4d2262bf312d781d6af13,10000000000000000000000
1,0xa9d4a2bcbe5b9e0869d70f0fe2e1d6aacd45edc5,860000000000000000000
1,0xdc1727621033c5b75e94908231c7490914dce792,18000000000000000000000
1,0xca4d125d7a4cf0bc8639cda418a066b98aeb9381,2000000000000000000000
1,0xf4c8797195b4f3e1535e84a7eb91aad6989bf573,4000000000000000000000
1,0x0183218c7c8228c490800bea9ff8747f44a20929,2000000000000000000000
1,0xa5c895de12293c87d1b60ced7272fe61facacaeb,500000000000000000000
1,0xf5866a53c314f5a111b7787a914f9f8bbf9dde22,3000000000000000000000
1,0x82b3b3fffd8680967305debf1816fe49b090670d,5000000000000000000000
1,0xdc9b077032c9ecf708a4f47123dabb2cc18bcaa2,2000000000000000000000
1,0x6d25b9f40b92ccf158250625a152574603465192,679140000000000000000000
1,0x44752adf36d87a1fd6cca9af8bad4e68e9384384,500000000000000000000
1,0xd0e2ddc691ea3c442668d7e801940223e95f9c41,111980000000000000000000
1,0x84b6abc668858beb5cd85c1983e211e968185040,12000000000000000000000
1,0x700887d5923ec227409d07ed9e437095d00f56da,8000000000000000000000
1,0x2b8d5c9209fbd500fd817d960830ac6718b88112,2000881730843522169014000
1,0xcae1a6b01f64bd8e4ee9149b35589d1d455f679c,36000000000000000000000
1,0x0eacc4ab348e8456051f094058dbbdb1653a4da5,4000000000000000000000
1,0x6e8b688cb562a028e5d9cb55ac1ee43c22c96995,48000000000000000000000
1,0x05d272c6e2c6c6dbce857993012cba25689a8850,7000000000000000000000
1,0x0d40b53828948b340673674ae65ee7f5d8488e33,2000000000000000000000000
1,0x9eb429cb38ad55553a6e83ccacd178c7fd27a26a,36000000000000000000000
1,0x62d1cef025d6d7c59655d90b3a7b3ece5719597e,2000000000000000000000
1,0x40a0b2c1b4e30f27e21df94e734671856b485966,32000000000000000000000
1,0x7a7f59b7299102f921aa2497cc3c0ccaa9fb6311,1000000000000000000000
1,0x17125b59ac51cee029e4bd78d7f5947d1ea49bb2,748000000000000000000000
1,0xba92b88898d7f5fde1752cecfb03181aece0ddb7,10000000000000000000000
1,0x0e3a52fd193392bad76d342c1a3ca1c7a055e228,2610000000000000000000
1,0x0c286300850e2e15c1849e0030d30cd3f9410053,26400000000000000000000
1,0x3569afa440a0cb99ea69bcc27eeb26e448848732,6000000000000000000000
1,0xf74863bae1b836dcaab3687315bff920d0857e09,27473500000000000000000
1,0x8ccb46475ece443f20feb8c61ce5a2500947c898,11800000000000000000000
1,0xb8947120ffca6662de3e1f88eb8fd2e002f672ff,6755800000000000000000
1,0x00373e8b276d4a157c4a2b7bd5dcfe0a17babf20,334004250000000000000000
1,0xbc55cd5499dc8034f3e98a31d44421e4b16d6cbb,5000000000000000000000
1,0x607428941a6920e14ca925a5dfdeb444b53e8e90,6000000000000000000000
1,0x3a311846dee6271dfbc38bd1bcc2a9648e8ba276,12000000000000000000000
1,0xa382a3a65c3f8ee2b726a2535b3c34a89d9094d4,100100000000000000000000
1,0xbd0bb54230e2d61c12e45a27f0dd138e30cb31be,300000000000000000000000
1,0xa78b438dca8491c53eb1a4b6721f56197d5cb4b0,18000000000000000000000
1,0xce2e0b96b170233d425b74ba640118eb5f59e90f,56800000000000000000000
1,0x0d9649ad95affaee04fb83aa8a0dcb2a4f79f417,55000000000000000000000
1,0xb2103db38d279d5ff5c305a0369d7b05394d5c57,12000000000000000000000
1,0x38587b512f758b74fc4243047b53437e298b4292,18000000000000000000000
1,0x665da7a8381571f76c13c18c59e7bc6fb0d7417d,2900000000000000000000
1,0x3a1aa0a96632ad25c5b370aafce364eda27f6c6f,48000000000000000000000
1,0x6a691cf2fb2c66863cbff7c6aed7a53b2d1423ce,12000000000000000000000
1,0x92011e50d2599171553d94d7a37914efe45539d0,54000000000000000000000
1,0xbe272abbf6705f0adc54b2f929101282c4365977,2000000000000000000000
1,0x003e29a6781c2cf168c866b5ab25d74184ebf55f,593697806802504568460000
1,0x85591bfabb18be044fa98d72f7093469c588483c,4000000000000000000000
1,0x8f65212d56de65a0effafafbf6e791a5c016bc45,500000000000000000000
1,0x2912a18c902de6f95321d6d6305d7b80eec4c055,48491546877620000000000
1,0xc83479a0b580b6eedfa6ac258068670bca6cc11b,12000000000000000000000
1,0x7544b7da3bd457908108ab38e2a0dd65de3a6b09,5000000000000000000000
1,0xa57c1f0bd9e4b14f016c143889ef0184369c2c66,18000000000000000000000
1,0x884cadd01715854b83779e835473960ec8ef59e0,85000000000000000000000
1,0xfd7f9c9484912573d782fa87db5e20f899319637,78000000000000000000000
1,0x4f0068890d1e90a579a763b777fdb1f43f5c7468,1000000000000000000000
1,0xfc6996480d7eb198540b834161c0c730273001f3,5000000000000000000000
1,0xa115dafff759c099732284d01b0474cea013e3be,10000000000000000000000
1,0x387059476fd9dcbe70df922e880c91bd3803f237,16900000000000000000000
1,0xefbb4e982b088d52d5505b5f8e337af07f9be343,1000000000000000000000
1,0x30dea253b1ce2a04be84c37ecdf91d7394777885,10000000000000000000000
1,0xd51117069a1a8391a6cb4eee929bff495565a3f8,50500000000000000000000
1,0x924c251902924c7dbd4cbf166d42757fb2d146cb,24000000000000000000000
1,0x07f35b7fe735c49fd5051d5a0c2e74c9177fea6d,30800000000000000000000
1,0xa82846304ff0364c2f2d3e411e411f3111e78165,120000000000000000000000
1,0xcc58a258f53eb73d892835ef349ebd699833e8fb,15600000000000000000000
1,0x05af9d95a67079347ad86b4a57dbc942e1082ed9,18000000000000000000000
1,0x0eab155d4f30dbd30a12f2f81a35e261d87b1f6e,15000000000000000000000
1,0xb8b0eb45463d0cbc85423120bcf57b3283d68d42,3500000000000000000000
1,0x00089aa4d3f13d18566ac992e3145ca0a594e2de,24000000000000000000000
1,0x48a89359c9caf5d952fd01aa9d8f176d7cdc4346,53882303826000000000000
1,0xdd7c1ea71188b4c097d02482bb15f34f69bb5ee0,2000000000000000000000
1,0x3db6315f9691d7372091296994f1e6223ee810b0,475000000000000000000000
1,0x2e2f2b688ec2fcb48742df66f436c5ec5aa425b3,5000000000000000000000
1,0xff7bb8e1d6aee876376677c65278229b48b10dc0,12000000000000000000000
1,0x2561a6f4f32908f2bef562987da896701ec943ae,4000000000000000000000
1,0xe12e8c7332c9977bbc2e40f394dcc13576ca55f2,72000000000000000000000
1,0x0504bf9719b27b0b65683cb6048d269782bd8665,500000000000000000000
1,0x41c0fd5c6ce86524c1f775e49d0a50771773e007,9854186350000000000000
1,0x525bc62102ec418d32e9b61a2a3c1954f2960de6,42000000000000000000000
1,0x9fb7510d621659cb3df78b02a04ccd66380350c0,10000000000000000000000
1,0xea8db28c3cb1d19870cede253402d2023cf483d0,46400000000000000000000
1,0xc673dadcca43ad4ff7f3c99419fd35e1578ad1ec,220000000000000000000000
1,0x31b55c025d83d74025eab7ad8870dfe63a0f55b3,10000000000000000000000
1,0x87ad0f383ae616c57294be77dde6fdd40c7cb5d1,987663680000000000000
1,0x8c46f88167b467db079ebe38578ee26a84e4500e,3900000000000000000000
1,0x9eccb90a449dd2262d36d484a0faf38f2c498471,45000000000000000000000
1,0x461d550a78ba5104897a6e1064384fdd2a7f526b,20000000000000000000000
1,0x4b15dd23e5f9062e4fb3a9b7decf653c0215e560,154000000000000000000000
1,0xa86d9d90963728a79b5dbc0b344fe6eac64f6d60,97000000000000000000000
1,0x583602f1d69d2a1b40ad5695712b6313a2922d4c,5000000000000000000000
1,0x6d82fda6e5d6dedf42042f3ddfa2b78b152b6402,12000000000000000000000
1,0x2543d40f41327142c2ea50cc8c6741736ae37572,36000000000000000000000
1,0x8c4f79075f2dfbf7fc1ea32ef73bbbcfc2d0a515,500000000000000000000
1,0x3cb9b451a3ff2e77db346495f30e40ec35e1941c,80000000000000000000000
1,0x009c509d412782c07e489df8702cb2333f3ca07a,5000000000000000000000
1,0x174edc43d0bf91d25640e284645de4bed6ac65cd,40000000000000000000000
1,0x5deb6b87853569ce9bdd8e600d157a58ef1687f2,995800000000000000000
1,0xf09c63a2b47d7b383ecc517a295727312384eaed,3000000000000000000000
1,0xe211e6babed235b2c09ed757e66d80559b215fca,12000000000000000000000
1,0xcdf1f0cde0acd50128037306de62090064c56f22,10000000000000000000000
1,0x007eb3243e9d74b28c0586838f02220446d4868b,5000000000000000000000
1,0x50f6ba1c731ac40b7529ad6a99e3e039c8f4508c,5000000000000000000000
1,0xea3a9ed81f0dedd5d12a797bc5854e652578aa84,1770000000000000000000000
1,0xa60614650c597cb4eef2da868caeb4f10bd67dad,18000000000000000000000
1,0x00a46922b1c54ae6b5818c49b97e03eb4bb352e1,1226584417377515859718000
1,0x7b8be5f0553039aae06020931f56d141a4c15ca8,1500000000000000000000
1,0x14a89caca1b3a7428ace9887034f0e486f88b644,8000000000000000000000
1,0xb7747c46be84aafcefdf9aed61f1225f88236224,500000000000000000000
1,0xf5c097af860382ee692444bbada39135734f4770,20000000000000000000000
1,0xd28028d44cb53e892e36a949abdeefd53d8067d6,1000000000000000000000
1,0x4c0a5c5e35bc4a2eaa8b37909d4e48dc342f55a2,10000000000000000000000
1,0x5bf7c053a1b182afa1df620e7f1a2e3058945929,39600000000000000000000
1,0x3849d138f11d5195d970eb4a88d5326b9138914d,54000000000000000000000
1,0xc3c97326352cf5fe0a65242a9d189c986cb5dc50,1700000000000000000000
1,0x8892dc844c8cc9fae1cc331310885bd473eea223,500000000000000000000
1,0x35700c4a7bd65048f01d6675f09d15771c0facd5,500000000000000000000
1,0x6e050ea5088011ffdf0b66c60b09110de45c6517,5000000000000000000000
1,0x84f0620a547a4d14a7987770c4f5c25d488d6335,52360000000000000000000
1,0xd51e2fa6f61f6f3c97e21bb91b36ab974b72bf22,10000000000000000000000
1,0x002def85facbb8d72bc3e394f8ca23934af8f06d,39000000000000000000000
1,0x5cc7c781e224d0ad085dd1dfab22e4ad0f215d2f,10000000000000000000000
1,0x8e5d6e1292f3c07ad35fd2e8848f007c7cb1d1ff,2000000000000000000000
1,0x0c05395fbd81dba9c5869f221125d62b303fdeb3,25000000000000000000000
1,0xd6f711409ea2e4a4d15aaa0ab94da55b5d519858,12000000000000000000000
1,0xb9fc8d028b77b8db48e1b74ff61994c29d2056c3,52000000000000000000000
1,0xc405ec6440b74fca7c6fbae9f465bdd92e9cca1e,2000000000000000000000
1,0x20fddb44ebe77c2654b1d13fd077796bcc11cc6e,4000000000000000000000
1,0xfdd3fed09bd694525c86b440c630a655265cca10,8000000000000000000000
1,0x8e60f1017cccf20ee4de0ac42650bfe28b3ec1da,24000000000000000000000
1,0x3833f8dbdbd6bdcb6a883ff209b869148965b364,36000000000000000000000
1,0x0057a465dfa4d8e0261e47b31a7e1d68a4ee1300,60000000000000000000000
1,0xc11583d611f8cf2b067a563936638c8c4085f51f,35000000000000000000000
1,0x00bc2e64901649dbed49dd09e9d3e3db246aaa91,53640000000000000000000
1,0xd2fa1dbe39cb3e09010b756e22f43dbfdf9d78ea,3000000000000000000000
1,0x07ad11466475ad71aa89d7bc48bebfa4e1e162ee,4000000000000000000000
1,0x02ffdace514ffd6a25459a93ea9e082f4459b66a,1000000000000000000000000
1,0x004a079f22a3123d15b68184c6869ec7d1fe75a9,23000000000000000000000
1,0x00343784fb10bc803c69c75fa32211d82539f6ea,26000000000000000000000
1,0xc261560b4c1279f53738fd650eaa8dcac72e9c96,12000000000000000000000
1,0x1803ab3d993447530329d6a2545909d15463e89a,6840000000000000000000
1,0x51ded656442eb0d148ebedda17c221f9ec4a3822,12000000000000000000000
1,0x00009277775ac7d0d59eaad8fee3d10ac6c805e8,19000000000000000000000
1,0x6b8e421c51c5a67a3d81b802374ea78e45434d9b,10000000000000000000000
1,0xfd6eeeb24a2010e73ae109ccdd7ffd784840b3bd,3000000000000000000000
1,0xe790113dba3a221daf05125234189e786af96ef5,12000000000000000000000
1,0xe7039b902911ed98390b421ba9cd489ceed785a7,24000000000000000000000
1,0x67bcae2acaf4171394762178f0b093fe64916319,3000000000000000000000
1,0xfc7d5e499f869d8ee0b17c61b0f6f83bbac2fbc2,9200000000000000000000
1,0x44451672875676edd367ae3ff0696f2663a43896,95000000000000000000000
1,0xfb11f91a8ae8a87effe90315267f2e3ed1159b99,10000000000000000000000
1,0x5e9a69b8656914965d69d8da49c3709f0bf2b5ef,77000000000000000000000
1,0x0987ee85897f2afe6b74b82ed1f126b799227e8c,10000000000000000000000
1,0x9d8788b89d4972e71117e798784d9f6343c0afca,119900000000000000000000
1,0xe313e51e178ca64a04ff3c9e7294bd839e873a0e,36000000000000000000000
1,0x4dc4bf5e7589c47b28378d7503cf96488061dbbd,12000000000000000000000
1,0x4e8e34469b0c3f2f711131299d0557c2d766e81a,18100000000000000000000
1,0x67798d3325eb4bf4d2ae8d1ceb274164f29b10ee,10000000000000000000000
1,0x070f902712b26ea414095f755e8be38ce5f13b84,12500000000000000000000
1,0x7c1a34fd5e991d555593500f7c6d7466f2ad7123,4075713855382414249000
1,0xe7305033fe4d5994cd88d69740e9db59f27c7046,750000000000000000000
1,0xb9f21c344b3eab62a4a92d7a2931c1fb883822ca,10000000000000000000000
1,0xf7d02acd4bfeb8fbc786379f5fcd75913f90fda9,500000000000000000000
1,0x9234b60c9d95158aa251667d0257d9eab2f31448,500000000000000000000000
1,0x5cdc87001dd04b8a1257fdacfa67ae4d7f26b33a,119990000000000000000000
1,0xd0adad7ed81afda039969566ceb8423e0ab14d90,1661290400000000000000000
1,0x2053d5f689a02398722815e270da502a567dec8c,3000000000000000000000
1,0x7cd413770f55845d4759712ebd0252db9c69ac32,2087639280000000000000
1,0xee27f0aa4a393061f20e655a27a826379a78f162,4990000000000000000000
1,0x3c0b16781c296615d45b8533fb65cd92c5167205,1992000000000000000000
1,0xd843e2d8a6bb0a1811dd00f3cff28adfbdab5d8e,341100000000000000000000
1,0x283097d58a340871b9138c0ad1098e0fe0526ba5,2000000000000000000000
1,0x41a6021a6dc82cbb0cd7ee0e3855654d225f48c6,4000000000000000000000
1,0xf6dd631279377205818c3a6725eeefb9d0f6b9f3,1215400000000000000000000
1,0x26dc0426056f9f87d5013f6d45ec3d7a62aab583,24000000000000000000000
1,0xca4ad3d429ea5130512b0ebb7fa4a7fa6d1a0e41,5000000000000000000000
1,0xe1d3aeacd29be68b958b00823db193777e8b9272,2990000000000000000000
1,0x6d0ded4ac36cb5fe0586b06fa4bc9fd96182519b,10000000000000000000000
1,0xfb713baf73588ab2c9af035546c8fdf4dd154de0,4500000000000000000000
1,0xf327cfd2f7cb40d2d7fb7bad1ea261723f20036a,12000000000000000000000
1,0x62fd275daab3be52fa036f54648055368e179735,222000000000000000000000
1,0xcd5164c8c8a6c4d0c49e6fa5872435c33ab42af5,3966000000000000000000
1,0xa8969e85afa65cb7867a3d3563f910d39899ab97,6000000000000000000000
1,0xd93a8706fac801cbc7e03025c082e6484accbbae,60000000000000000000000
1,0x0ff99bf9a0e60866761d9e82805565119d2d08f8,1000000000000000000000000
1,0x9e5baec244d8ccd49477037e28ed70584eead956,20020000000000000000000
1,0xa863ac766ff44cc3810063383c822f70252192a8,15600000000000000000000
1,0x2d9afa8e3d5fa7a90d60c1e2ed1b5dafd9990d90,24000000000000000000000
1,0x9eae05142229e0578479fb3b59fee4b976b18d50,8000000000000000000000
1,0xffff5bdc5ab53c60cbee95af561182a09337176e,2190800000000000000000
1,0x110fe0193ea4672f6e624da84e93d84108abde57,60000000000000000000000
1,0x5d1c6b4226e08511f2783aba2f279505b210e46b,590000000000000000000
1,0x6886d4c76066d6daf6408a329d4cf76de4916c13,150000000000000000000000
1,0x0b5a91adc9a867501fd814cea2caba28f9770b63,240000000000000000000000
1,0x84a6a3ef0ab030df7083196d6f00acba18a8fe01,10000000000000000000000
1,0xd5332aa996046aed8b0b14e3c54ec2382be2c5b6,15600000000000000000000
1,0x8166b406d30fbc5d90ade60fe8b552029367ef7b,9000000000000000000000
1,0x5ffc4e8133755b50daaced2b67b2b302af0f64c5,500000000000000000000
1,0x89cd10de4f783a29ad4bf0fdb889e54276ed0d06,5000000000000000000000
1,0x115b3cabe345fc6d79020c0e337cab8745192915,10000000000000000000000
1,0x842baf9f014c5f0f8fcdaa68f1b09e3501cb56c1,24000000000000000000000
1,0x14d49231d3199dccfd0aad8833d42a516fc5e3fb,6000000000000000000000
1,0x23d6d0065ec747636b3ff817e026a2595c9e4f7e,35350000000000000000000
1,0x863a76a1d39ac8b6cd66474832904f894df7c028,150000000000000000000000
1,0x7454544182484559980650a22bcb54b79cac43a8,170000000000000000000000
1,0x4b83a0a5fee4e3a4caefe14313214423ad53e70b,2000000000000000000000
1,0xfef4e98a7685072f700f60c669c489284780bd25,5000000000000000000000
1,0xfef266639e62608bdd5620ae3137f930220513c7,2000000000000000000000
1,0xe274aa3f7a9f9f27a2b8e4943ec495590f70c330,500000000000000000000
1,0x00e0ea9173d9a4f181df4cb6189bb986157f4362,1438700000000000000000000
1,0x175b1a0b3a82905e4f24b2a5006b59623d6425c9,10000000000000000000000
1,0xe26758a5c9f304689cef289acaa21d352f64eb62,4000000000000000000000
1,0x123bee2841f8b4cf165cd1e01ea5ad499c359741,11990000000000000000000
1,0x760739f49fc2936a59745644a94a5400c62a4b22,6000000000000000000000
1,0xbe2fe9e1ae98630dc8495e4671479b95c55dcf1e,20010000000000000000000
1,0xa4d57f26d74c952bfbb41eba172b31e37be34527,30000000000000000000000
1,0xc2780478a6d2d0fd160d9784d0dc63db9b5a69e9,1000000000000000000000
1,0x7e3a5201d9d7282ad3095966e9f6008342411de4,20000000000000000000000
1,0x67d9c0061b434c89924dffb48d1f8d50d9225f0b,500000000000000000000
1,0x00d98c71c4053535f5f43acab0d2504e4649fe44,960000000000000000000000
1,0x6a6ff77522dd23cea205b052241f99fc1ddca1da,12000000000000000000000
1,0x72952e10b3634d1f85ae04eed1ddc8ea3aea61ee,15100000000000000000000
1,0x3e8e129906cb01390b826129456b1aeefe30405e,72000000000000000000000
1,0x668c9c3f9f700c2822b1c9f0021489d889535673,25500000000000000000000
1,0x6e6c84026767d35161fabd497d3100ce78de3730,1497251562000000000000
1,0x9b9847d1a38926f10fa67bfa1168ecd88304b9b1,600000000000000000000
1,0x1d395b30adda1cf21f091a4f4a7b753371189441,600000000000000000000000
1,0xf16769b8fb417e606bb0c3ee65bd5d9b44328b83,8000000000000000000000
1,0x174c9c38ff66277d42155414d30ccb7c124f60f3,2000000000000000000000
1,0x6a72f3ab4cb0727c23c85843d3f3fbe9521c97cb,20000000000000000000000
1,0xf9ddbc054f2544037ef3248730a7303b3b5c438f,12000000000000000000000
1,0x0b7920d5c82c65ee2aeba20d7c1458b0dffe2c7f,10000000000000000000000
1,0xab78c8781fb64bed37b274c5ee759ee33465f1f3,101640000000000000000000
1,0x1988b7856869eceabdb2f6b1d658da2668b37b1e,114000000000000000000000
1,0xe5d93dd474988b60b354339da3a845d9cd35ec5f,20000000000000000000000
1,0x44f145f6bc36e51eed9b661e99c8b9ccf987c043,8333782200876602503990000
1,0x699ed52f9ec2eadabf792c2368d29f94967e2981,40000000000000000000000
1,0x7496965e0e35e37798f6772aca0b195754871be4,16000000000000000000000
1,0x48f036415c3631083c988fc60f68e021e6407614,1300000000000000000000
1,0xb8a1825582b653a755b094b5e3dc2f697e79619d,119999999990000000000000
1,0xc970fd5603b5d4eab1368ebf08b8b439bf5434f9,60000000000000000000000
1,0xa41b3eed039c194893d656e7d0eb02f6c64392c2,45000000000000000000000
1,0xa102dc96bd301ab973844d2ee262400e428ce6d5,5000000000000000000000
1,0xa199834ade060f50c0881dfd0aedc109ce7f654a,1849646360000000000000
1,0x3317d73f7678680a1cb26a5badb2a7e0cfc399f7,2000000000000000000000
1,0x0999ec5f3bceee3612fde78c70f0384209a6ad88,500000000000000000000
1,0x505120957a9806827f8f111a123561e82c40bc78,188500000000000000000000
1,0x99032c474358e26eec44ad0b999b0da2e63a763d,15000000000000000000000
1,0x6e59d2e4ef1682ca1108b19dbe5caaecda387826,990000000000000000000
1,0xc7bff4d89f6adfb8c7677c08f4a5b14ed9ed46a4,12000000000000000000000
1,0x1c187b3e2477657250c34955a6eb247f28558d94,4000000000000000000000
1,0x4a2101ed7873a708158efc43bf2fca88630539cf,1180000000000000000000
1,0x708b6b354fb7e8a2beab12fb391cfbe6a6a83085,2600000000000000000000
1,0x00e8bf3d5a099ca807ec507ab48c307e5aa09a53,8000000000000000000000
1,0xc91e1aec51b6e554f913a5ecc21bef6d3c0825f0,10000000000000000000000
1,0xd3cdd7abd4981e2e003b936ad881cb208924501b,9000000000000000000000
1,0x3d9628642466e692a99511fc0276173d178c6696,1400000000000000000000
1,0x7935f04a2b66227137c79936dbf59bce16f7cbc3,7520000000000000000000
1,0x76c54cb22049e1bffd9e17505a4fb7fcfdb3e34b,12000000000000000000000
1,0xd929ad1e45b7963bf98bb25bcbd3e6db858e9f45,1500000000000000000000
1,0x1ed65e726461235aad9cac673e5a82b9c4e75b4c,2500000000000000000000
1,0xd67449e6ab23c1f46dea77d3f5e5d47ff33dc9a9,70976053483720000000000
1,0x73cca8c0764f1b3ab3f16a64ea8f30dac92e0ceb,8000000000000000000000
1,0x73fddc6c47c8960de1f789cb201ccf2fc1b2c814,8000000000000000000000
1,0x8bf9e041300c3c01f75b7ecafddb5ecc706d52bb,160000000000000000000000
1,0x4673cfd6908b210bc3069404d00daecb1504a458,10000000000000000000000
1,0x162124aade1e5ac49cfc785871fd33874f41354c,500000000000000000000000
1,0x1bc31b9cc450e8e732caab003a8182eaa937b84c,54000000000000000000000
1,0x001dc2e9730e81ad99c557e70d89886f5df9d4dd,10000000000000000000000
1,0x88163c9b24ddf79ed2112e9fd17256540fd5c8cc,500000000000000000000
1,0x002f331dd9949283c6f9f9b1833dfcdcba874740,10000000000000000000000
1,0xab5cb892109510e8fb51b81c4f15610339105bba,133500000000000000000000
1,0x8464707166942471f10cd827b704764f761dc4ac,10000000000000000000000
1,0x09a8beb3f5ecdcb1f0b9dccd96b23233864d5bbd,59944171000000000000000
1,0xae46b23deb802d3bd78b9a96c1a3f388c1a00eca,120000000000000000000000
1,0xcc6c95e8bc9fe7b9ddccded787276b70728bd91d,30000000000000000000000
1,0x6368308f5f050ac1d62a358ae9ccc5c605fc4ce4,2000000000000000000000
1,0xaa24bbdc707bdc9af799f2a0df8c7899867fe786,7000000000000000000000
1,0xcde9c6205f14338d1b48cc5db86592ff1f1cfc2e,35000000000000000000000
1,0x5c0a72a225eb9038f77448bc9e76ae3b012f813d,2663371515381607580000
1,0xc23c54d0a7c2480249ed618ff067ac1aa9f0a7ca,11250000000000000000000
1,0x059029b4a2de7ad2ed890022f59f1a7cad3e881b,1000000000000000000000
1,0xbfe4b932eb09c57fecc03327e1955288679a0d47,1320000000000000000000
1,0x00d7002cbc1bc73a2f17b0968b87c74b1d80a257,24000000000000000000000
1,0xc0aa285006388eb782bb842d11c207155fcd76ae,1000000000000000000000
1,0x8760732633d1734f49aa2c766bea19dcbc17ca25,500000000000000000000
1,0x600ca6372f312b081205b2c3da72517a603a15cc,258885789932000000000000
1,0x83df0bfd9286aa8d2bf3b9660040004609821da6,2500000000000000000000
1,0xa9508eee4a73287c5aeedd2ca392f19ed168499a,1960786767637523628000
1,0x5d4d24551c70d8a0e6899862b7f7cf37ce7e778d,1000000000000000000000
1,0x009d06cc6b11fa75412c3cda6da63813bbbdafaf,118000000000000000000000
1,0x00622dfee7a72f24881889110d1acae6e69b4b63,5000000000000000000000
1,0x00f600c214bb1f6f2ce352e5f673a011c5eb1088,12000000000000000000000
1,0x003c6df13f3c95f12e0f3e2c82e3980d9732558b,5000000000000000000000
1,0x1fadf495fbec1cef6390095b24c519bea96d942f,36000000000000000000000
1,0x003e29c696d9e4c74c31cd6e7dcf197f20592ec2,51996858920000000000000
1,0xb7cc112f614d1969bdeb457f9f1b66882dfbb8b4,24000000000000000000000
1,0xf46054694b937160f8a1b2c3b4c958e4e46c2f21,830000000000000000000000
1,0x790089b284d89488e17859f75bc1f17bab946209,1980000000000000000000
1,0x4a9ef5139e86ad6cff49f6c5b521858cc78d9280,10000000000000000000000
1,0xa6d0c47df7af1ecdd555d08c44ca4f7186e6e982,6000000000000000000000
1,0x63183d63965dc9cdbf1f5cc224db36d86d6df5a8,10000000000000000000000
1,0x6e9f3b618f240240d359435747bb37729442b152,24000000000000000000000
1,0x80658e3657882cfa73fff0eb20c92aa5e948230c,10000000000000000000000
1,0xae31f2a51f82fc62c2688f2f6130d7454a03b304,10000000000000000000000
1,0x59ea8fcdf48423df4a1d4177a39dcd17531a49aa,1400000000000000000000
1,0x0fa110b46d7f1727e81981cee55b36d91d281ddd,7070425687000000000000
1,0xe1ad30971b83c17e2a24c0334cb45f808abebc87,135520000000000000000000
1,0x5172c798c165a9735a8790134e5d102ea6adfcc6,3000000000000000000000
1,0xdaf99f1e196245c364cde16cabae8bebbe24476b,900000000000000000000000
1,0x288c2ad9e5dcc7ad2d68cb13dbe68c4a70563152,600000000000000000000000
